"","Package","LibPath","Version","Priority","Depends","Imports","LinkingTo","Suggests","Enhances","License","License_is_FOSS","License_restricts_use","OS_type","MD5sum","NeedsCompilation","Built"
"1","aRxiv","C:/Users/gfeng/Documents/R/R-3.4.2/library","0.5.16",NA,"R (>= 3.0.0)","httr, utils, XML",NA,"devtools, knitr, rmarkdown, roxygen2, testthat",NA,"MIT + file LICENSE",NA,NA,NA,NA,"no","3.4.3"
"2","assertthat","C:/Users/gfeng/Documents/R/R-3.4.2/library","0.2.0",NA,NA,"tools",NA,"testthat",NA,"GPL-3",NA,NA,NA,NA,"no","3.4.2"
"3","backports","C:/Users/gfeng/Documents/R/R-3.4.2/library","1.1.1",NA,"R (>= 3.0.0)","utils",NA,NA,NA,"GPL-2",NA,NA,NA,NA,"yes","3.4.1"
"4","base","C:/Users/gfeng/Documents/R/R-3.4.2/library","3.4.2","base",NA,NA,NA,"methods",NA,"Part of R 3.4.2",NA,NA,NA,NA,NA,"3.4.2"
"5","base64enc","C:/Users/gfeng/Documents/R/R-3.4.2/library","0.1-3",NA,"R (>= 2.9.0)",NA,NA,NA,"png","GPL-2 | GPL-3",NA,NA,NA,NA,"yes","3.4.1"
"6","BBmisc","C:/Users/gfeng/Documents/R/R-3.4.2/library","1.11",NA,NA,"utils, methods, stats, checkmate (>= 1.8.0)",NA,"testthat, microbenchmark, codetools",NA,"BSD_2_clause + file LICENSE",NA,NA,NA,NA,"yes","3.4.2"
"7","BH","C:/Users/gfeng/Documents/R/R-3.4.2/library","1.65.0-1",NA,NA,NA,NA,NA,NA,"BSL-1.0",NA,NA,NA,NA,"no","3.4.1"
"8","bibtex","C:/Users/gfeng/Documents/R/R-3.4.2/library","0.4.2",NA,"R (>= 3.0.2)","stringr, utils",NA,"testthat",NA,"GPL (>= 2)",NA,NA,NA,NA,"yes","3.4.3"
"9","bindr","C:/Users/gfeng/Documents/R/R-3.4.2/library","0.1",NA,NA,NA,NA,"testthat",NA,"MIT + file LICENSE",NA,NA,NA,NA,"no","3.4.2"
"10","bindrcpp","C:/Users/gfeng/Documents/R/R-3.4.2/library","0.2",NA,NA,"Rcpp, bindr","Rcpp, plogr","testthat",NA,"MIT + file LICENSE",NA,NA,NA,NA,"yes","3.4.2"
"11","bit","C:/Users/gfeng/Documents/R/R-3.4.2/library","1.1-12",NA,"R (>= 2.9.2)",NA,NA,NA,NA,"GPL-2",NA,NA,NA,NA,"yes","3.4.1"
"12","bit64","C:/Users/gfeng/Documents/R/R-3.4.2/library","0.9-7",NA,"R (>= 3.0.1), bit (>= 1.1-12), utils, methods, stats",NA,NA,NA,NA,"GPL-2",NA,NA,NA,NA,"yes","3.4.1"
"13","bitops","C:/Users/gfeng/Documents/R/R-3.4.2/library","1.0-6",NA,NA,NA,NA,NA,NA,"GPL (>= 2)",NA,NA,NA,NA,"yes","3.4.1"
"14","blogdown","C:/Users/gfeng/Documents/R/R-3.4.2/library","0.4",NA,NA,"rmarkdown, bookdown (>= 0.5), knitr (>= 1.17), htmltools, yaml
(>= 2.1.14), httpuv, servr (>= 0.8)",NA,"testit, shiny, miniUI, RcppTOML, stringr, rstudioapi, tools,
processx, later, xaringan",NA,"GPL-3",NA,NA,NA,NA,"no","3.4.3"
"15","bookdown","C:/Users/gfeng/Documents/R/R-3.4.2/library","0.5",NA,NA,"htmltools (>= 0.3.6), knitr (>= 1.16), rmarkdown (>= 1.5),
yaml (>= 2.1.14)",NA,"htmlwidgets, rstudioapi, miniUI, rsconnect (>= 0.4.3), servr
(>= 0.3), shiny, testit (>= 0.5), tufte, webshot",NA,"GPL-3",NA,NA,NA,NA,"no","3.4.3"
"16","boot","C:/Users/gfeng/Documents/R/R-3.4.2/library","1.3-20","recommended","R (>= 3.0.0), graphics, stats",NA,NA,"MASS, survival",NA,"Unlimited",NA,NA,NA,NA,"no","3.4.2"
"17","broom","C:/Users/gfeng/Documents/R/R-3.4.2/library","0.4.2",NA,NA,"plyr, dplyr, tidyr, psych, stringr, reshape2, nlme, methods",NA,"knitr, boot, survival, gam, glmnet, lfe, Lahman, MASS, sp,
maps, maptools, multcomp, testthat, lme4, zoo, lmtest, plm,
biglm, ggplot2, nnet, geepack, AUC, ergm, network,
statnet.common, xergm, btergm, binGroup, Hmisc, bbmle, gamlss,
rstan, rstanarm, brms, coda, gmm, Matrix, ks, purrr, orcutt,
mgcv, lmodel2, poLCA, mclust, covr, lsmeans, betareg, robust,
akima",NA,"MIT + file LICENSE",NA,NA,NA,NA,"no","3.4.0"
"18","caret","C:/Users/gfeng/Documents/R/R-3.4.2/library","6.0-77",NA,"R (>= 2.10), lattice (>= 0.20), ggplot2","foreach, methods, plyr, ModelMetrics (>= 1.1.0), nlme,
reshape2, stats, stats4, utils, grDevices, recipes (>= 0.0.1),
withr (>= 2.0.0)",NA,"BradleyTerry2, e1071, earth (>= 2.2-3), fastICA, gam, ipred,
kernlab, klaR, MASS, ellipse, mda, mgcv, mlbench, MLmetrics,
nnet, party (>= 0.9-99992), pls, pROC, proxy, randomForest,
RANN, spls, subselect, pamr, superpc, Cubist, testthat (>=
0.9.1)",NA,"GPL (>= 2)",NA,NA,NA,NA,"yes","3.4.2"
"19","caTools","C:/Users/gfeng/Documents/R/R-3.4.2/library","1.17.1",NA,"R (>= 2.2.0)","bitops",NA,"MASS, rpart",NA,"GPL-3",NA,NA,NA,NA,"yes","3.4.2"
"20","cellranger","C:/Users/gfeng/Documents/R/R-3.4.2/library","1.1.0",NA,"R (>= 3.0.0)","rematch, tibble",NA,"covr, testthat (>= 1.0.0), knitr, rmarkdown",NA,"MIT + file LICENSE",NA,NA,NA,NA,"no","3.4.2"
"21","checkmate","C:/Users/gfeng/Documents/R/R-3.4.2/library","1.8.5",NA,"R (>= 3.0.0)","backports (>= 1.1.0), utils",NA,"R6, bit, fastmatch, data.table (>= 1.9.8), devtools, ggplot2,
knitr, magrittr, microbenchmark, rmarkdown, testthat (>=
0.11.0), tibble",NA,"BSD_3_clause + file LICENSE",NA,NA,NA,NA,"yes","3.4.2"
"22","class","C:/Users/gfeng/Documents/R/R-3.4.2/library","7.3-14","recommended","R (>= 3.0.0), stats, utils","MASS",NA,NA,NA,"GPL-2 | GPL-3",NA,NA,NA,NA,"yes","3.4.2"
"23","cli","C:/Users/gfeng/Documents/R/R-3.4.2/library","1.0.0",NA,"R (>= 2.10)","assertthat, crayon, methods",NA,"covr, mockery, testthat, withr",NA,"MIT + file LICENSE",NA,NA,NA,NA,"no","3.4.3"
"24","clipr","C:/Users/gfeng/Documents/R/R-3.4.2/library","0.4.0",NA,NA,"utils",NA,"rstudioapi (>= 0.5), testthat",NA,"GPL-3",NA,NA,NA,NA,"no","3.4.3"
"25","clisymbols","C:/Users/gfeng/Documents/R/R-3.4.2/library","1.2.0",NA,NA,NA,NA,"testthat",NA,"MIT + file LICENSE",NA,NA,NA,NA,"no","3.4.3"
"26","cluster","C:/Users/gfeng/Documents/R/R-3.4.2/library","2.0.6","recommended","R (>= 3.0.1)","graphics, grDevices, stats, utils",NA,"MASS",NA,"GPL (>= 2)",NA,NA,NA,NA,"yes","3.4.2"
"27","codetools","C:/Users/gfeng/Documents/R/R-3.4.2/library","0.2-15","recommended","R (>= 2.1)",NA,NA,NA,NA,"GPL",NA,NA,NA,NA,"no","3.4.2"
"28","colorspace","C:/Users/gfeng/Documents/R/R-3.4.2/library","1.3-2",NA,"R (>= 2.13.0), methods","graphics, grDevices",NA,"datasets, stats, utils, KernSmooth, MASS, kernlab, mvtnorm,
vcd, dichromat, tcltk, shiny, shinyjs",NA,"BSD_3_clause + file LICENSE",NA,NA,NA,NA,"yes","3.4.2"
"29","combinat","C:/Users/gfeng/Documents/R/R-3.4.2/library","0.0-8",NA,NA,NA,NA,NA,NA,"GPL-2",NA,NA,NA,NA,NA,"3.4.1"
"30","compiler","C:/Users/gfeng/Documents/R/R-3.4.2/library","3.4.2","base",NA,NA,NA,NA,NA,"Part of R 3.4.2",NA,NA,NA,NA,NA,"3.4.2"
"31","crayon","C:/Users/gfeng/Documents/R/R-3.4.2/library","1.3.4",NA,NA,"grDevices, methods, utils",NA,"mockery, rstudioapi, testthat, withr",NA,"MIT + file LICENSE",NA,NA,NA,NA,"no","3.4.3"
"32","crminer","C:/Users/gfeng/Documents/R/R-3.4.2/library","0.1.5.9110",NA,NA,"crul (>= 0.3.4), jsonlite (>= 1.4), xml2 (>= 1.1.0), pdftools
(>= 1.2), hoardr (>= 0.2.0)",NA,"roxygen2 (>= 6.0.1), rcrossref, testthat",NA,"MIT + file LICENSE",NA,NA,NA,NA,"no","3.4.2"
"33","crosstalk","C:/Users/gfeng/Documents/R/R-3.4.2/library","1.0.0",NA,NA,"htmltools (>= 0.3.5), jsonlite, lazyeval, R6, shiny (>= 0.11),
ggplot2",NA,NA,NA,"MIT + file LICENSE",NA,NA,NA,NA,"no","3.4.2"
"34","crul","C:/Users/gfeng/Documents/R/R-3.4.2/library","0.4.0",NA,NA,"curl (>= 2.8.1), R6 (>= 2.2.0), urltools (>= 1.6.0), httpcode
(>= 0.2.0), mime",NA,"testthat, fauxpas (>= 0.1.0), webmockr (>= 0.1.0), knitr,
jsonlite",NA,"MIT + file LICENSE",NA,NA,NA,NA,"no","3.4.3"
"35","curl","C:/Users/gfeng/Documents/R/R-3.4.2/library","3.1",NA,"R (>= 3.0.0)",NA,NA,"testthat (>= 1.0.0), knitr, jsonlite, rmarkdown, magrittr,
httpuv, webutils",NA,"MIT + file LICENSE",NA,NA,NA,NA,"yes","3.4.3"
"36","CVST","C:/Users/gfeng/Documents/R/R-3.4.2/library","0.2-1",NA,"kernlab,Matrix",NA,NA,NA,NA,"GPL (>= 2.0)",NA,NA,NA,NA,"no","3.4.2"
"37","data.table","C:/Users/gfeng/Documents/R/R-3.4.2/library","1.10.4-3",NA,"R (>= 3.0.0)","methods",NA,"bit64, knitr, nanotime, chron, ggplot2 (>= 0.9.0), plyr,
reshape, reshape2, testthat (>= 0.4), hexbin, fastmatch, nlme,
xts, gdata, GenomicRanges, caret, curl, zoo, plm, rmarkdown,
parallel",NA,"GPL-3 | file LICENSE",NA,NA,NA,NA,"yes","3.4.2"
"38","datasets","C:/Users/gfeng/Documents/R/R-3.4.2/library","3.4.2","base",NA,NA,NA,NA,NA,"Part of R 3.4.2",NA,NA,NA,NA,NA,"3.4.2"
"39","DBI","C:/Users/gfeng/Documents/R/R-3.4.2/library","0.7",NA,"R (>= 3.0.0), methods",NA,NA,"blob, covr, hms, knitr, magrittr, rprojroot, rmarkdown,
RSQLite (>= 1.1-2), testthat, xml2",NA,"LGPL (>= 2)",NA,NA,NA,NA,"no","3.4.2"
"40","ddalpha","C:/Users/gfeng/Documents/R/R-3.4.2/library","1.3.1",NA,"stats, utils, graphics, grDevices, MASS, class, robustbase,
sfsmisc","Rcpp (>= 0.11.0)","BH, Rcpp",NA,NA,"GPL-2",NA,NA,NA,NA,"yes","3.4.2"
"41","DEoptimR","C:/Users/gfeng/Documents/R/R-3.4.2/library","1.0-8",NA,NA,"stats",NA,NA,"robustbase","GPL (>= 2)",NA,NA,NA,NA,"no","3.4.1"
"42","desc","C:/Users/gfeng/Documents/R/R-3.4.2/library","1.1.1",NA,"R (>= 3.1.0)","assertthat, utils, R6, crayon, rprojroot",NA,"covr, testthat, whoami, withr",NA,"MIT + file LICENSE",NA,NA,NA,NA,"no","3.4.3"
"43","devtools","C:/Users/gfeng/Documents/R/R-3.4.2/library","1.13.3",NA,"R (>= 3.0.2)","httr (>= 0.4), utils, tools, methods, memoise (>= 1.0.0),
whisker, digest, rstudioapi (>= 0.2.0), jsonlite, stats, git2r
(>= 0.11.0), withr",NA,"curl (>= 0.9), crayon, testthat (>= 1.0.2), BiocInstaller,
Rcpp (>= 0.10.0), MASS, rmarkdown, knitr, hunspell (>= 2.0),
lintr (>= 0.2.1), bitops, roxygen2 (>= 5.0.0), evaluate,
rversions, covr, gmailr (> 0.7.0)",NA,"GPL (>= 2)",NA,NA,NA,NA,"no","3.4.2"
"44","dichromat","C:/Users/gfeng/Documents/R/R-3.4.2/library","2.0-0",NA,"R (>= 2.10), stats",NA,NA,NA,NA,"GPL-2",NA,NA,NA,NA,NA,"3.4.1"
"45","digest","C:/Users/gfeng/Documents/R/R-3.4.2/library","0.6.13",NA,"R (>= 2.4.1)",NA,NA,"knitr, rmarkdown",NA,"GPL (>= 2)",NA,NA,NA,NA,"yes","3.4.3"
"46","dimRed","C:/Users/gfeng/Documents/R/R-3.4.2/library","0.1.0",NA,"R (>= 3.0.0), methods, DRR",NA,NA,"MASS, Matrix, RANN, RSpectra, Rtsne, coRanking, diffusionMap,
energy, fastICA, ggplot2, graphics, igraph, kernlab, lle, loe,
optimx, pcaPP, rgl, scales, scatterplot3d, stats, testthat,
tidyr, vegan",NA,"GPL-3 | file LICENSE",NA,NA,NA,NA,"yes","3.4.2"
"47","DoseFinding","C:/Users/gfeng/Documents/R/R-3.4.2/library","0.9-15",NA,"lattice, mvtnorm, R (>= 2.15.0)",NA,NA,"numDeriv, Rsolnp, quadprog, parallel, multcomp",NA,"GPL-3",NA,NA,NA,NA,"yes","3.4.3"
"48","dplyr","C:/Users/gfeng/Documents/R/R-3.4.2/library","0.7.4",NA,"R (>= 3.1.2)","assertthat, bindrcpp (>= 0.2), glue (>= 1.1.1), magrittr,
methods, pkgconfig, rlang (>= 0.1.2), R6, Rcpp (>= 0.12.7),
tibble (>= 1.3.1), utils","Rcpp (>= 0.12.0), BH (>= 1.58.0-1), bindrcpp, plogr","bit64, covr, dbplyr, dtplyr, DBI, ggplot2, hms, knitr, Lahman
(>= 3.0-1), mgcv, microbenchmark, nycflights13, rmarkdown,
RMySQL, RPostgreSQL, RSQLite, testthat, withr",NA,"MIT + file LICENSE",NA,NA,NA,NA,"yes","3.4.2"
"49","DRR","C:/Users/gfeng/Documents/R/R-3.4.2/library","0.0.2",NA,"kernlab, CVST, Matrix","stats, methods",NA,"knitr",NA,"GPL-3",NA,NA,NA,NA,"no","3.4.2"
"50","e1071","C:/Users/gfeng/Documents/R/R-3.4.2/library","1.6-8",NA,NA,"graphics, grDevices, class, stats, methods, utils",NA,"cluster, mlbench, nnet, randomForest, rpart, SparseM, xtable,
Matrix, MASS",NA,"GPL-2",NA,NA,NA,NA,"yes","3.4.2"
"51","enc","C:/Users/gfeng/Documents/R/R-3.4.2/library","0.1",NA,"R (>= 3.1)","methods",NA,"digest, readr, rlang, testthat",NA,"GPL-3",NA,NA,NA,NA,"yes","3.4.3"
"52","evaluate","C:/Users/gfeng/Documents/R/R-3.4.2/library","0.10.1",NA,"R (>= 3.0.2)","methods, stringr (>= 0.6.2)",NA,"testthat, lattice, ggplot2",NA,"MIT + file LICENSE",NA,NA,NA,NA,"no","3.4.2"
"53","farff","C:/Users/gfeng/Documents/R/R-3.4.2/library","1.0",NA,NA,"BBmisc, checkmate (>= 1.8.0), stringi, readr (>= 1.0.0)",NA,"RWeka, testthat, OpenML",NA,"BSD_2_clause + file LICENSE",NA,NA,NA,NA,"yes","3.4.2"
"54","forcats","C:/Users/gfeng/Documents/R/R-3.4.2/library","0.2.0",NA,"R (>= 2.10)","tibble, magrittr",NA,"ggplot2, testthat, covr",NA,"GPL-3",NA,NA,NA,NA,"no","3.4.2"
"55","foreach","C:/Users/gfeng/Documents/R/R-3.4.2/library","1.4.3",NA,"R (>= 2.5.0)","codetools, utils, iterators",NA,"randomForest","compiler, doMC, RUnit, doParallel","Apache License (== 2.0)",NA,NA,NA,NA,"no","3.4.2"
"56","forecast","C:/Users/gfeng/Documents/R/R-3.4.2/library","8.2",NA,"R (>= 3.0.2),","stats, graphics, tseries, fracdiff, Rcpp (>= 0.11.0), nnet,
colorspace, parallel, ggplot2 (>= 2.0.0), magrittr, lmtest,
zoo, timeDate","Rcpp (>= 0.11.0), RcppArmadillo (>= 0.2.35)","testthat, knitr, rmarkdown, expsmooth, rticles",NA,"GPL-3",NA,NA,NA,NA,"yes","3.4.2"
"57","foreign","C:/Users/gfeng/Documents/R/R-3.4.2/library","0.8-69","recommended","R (>= 3.0.0)","methods, utils, stats",NA,NA,NA,"GPL (>= 2)",NA,NA,NA,NA,"yes","3.4.2"
"58","fracdiff","C:/Users/gfeng/Documents/R/R-3.4.2/library","1.4-2",NA,NA,NA,NA,"longmemo, urca",NA,"GPL (>= 2)",NA,NA,NA,NA,NA,"3.4.2"
"59","fs","C:/Users/gfeng/Documents/R/R-3.4.2/library","1.1.0",NA,"R (>= 3.1)","Rcpp","Rcpp","testthat, covr, pillar (>= 1.0.0), crayon, withr",NA,"GPL-3",NA,NA,NA,NA,"yes","3.4.3"
"60","fulltext","C:/Users/gfeng/Documents/R/R-3.4.2/library","0.1.9.9211",NA,NA,"methods, utils, stats, httr (>= 1.3.1), magrittr, xml2 (>=
1.1.1), jsonlite, rplos (>= 0.8.0), rcrossref (>= 0.8.0),
crminer (>= 0.1.4), microdemic (>= 0.1.0), aRxiv, rentrez (>=
1.1.0), tm, rredis, R.cache, digest, whisker, data.table",NA,"testthat, knitr",NA,"MIT + file LICENSE",NA,NA,NA,NA,"no","3.4.2"
"61","gdata","C:/Users/gfeng/Documents/R/R-3.4.2/library","2.18.0",NA,"R (>= 2.3.0)","gtools, stats, methods, utils",NA,"RUnit",NA,"GPL-2",NA,NA,NA,NA,"no","3.4.1"
"62","ggplot2","C:/Users/gfeng/Documents/R/R-3.4.2/library","2.2.1",NA,"R (>= 3.1)","digest, grid, gtable (>= 0.1.1), MASS, plyr (>= 1.7.1),
reshape2, scales (>= 0.4.1), stats, tibble, lazyeval",NA,"covr, ggplot2movies, hexbin, Hmisc, lattice, mapproj, maps,
maptools, mgcv, multcomp, nlme, testthat (>= 0.11.0), quantreg,
knitr, rpart, rmarkdown, svglite","sp","GPL-2 | file LICENSE",NA,NA,NA,NA,"no","3.4.2"
"63","gh","C:/Users/gfeng/Documents/R/R-3.4.2/library","1.0.1",NA,NA,"ini, jsonlite, httr",NA,"covr, pingr, testthat",NA,"MIT + file LICENSE",NA,NA,NA,NA,"no","3.4.3"
"64","git2r","C:/Users/gfeng/Documents/R/R-3.4.2/library","0.19.0",NA,"R (>= 3.0.2), methods","graphics, utils",NA,"getPass",NA,"GPL-2",NA,NA,NA,NA,"yes","3.4.2"
"65","glmnet","C:/Users/gfeng/Documents/R/R-3.4.2/library","2.0-13",NA,"Matrix (>= 1.0-6), utils, foreach","methods",NA,"survival, knitr, lars",NA,"GPL-2",NA,NA,NA,NA,"yes","3.4.2"
"66","glue","C:/Users/gfeng/Documents/R/R-3.4.2/library","1.2.0",NA,"R (>= 3.1)","methods",NA,"testthat, covr, magrittr, crayon, knitr, rmarkdown, DBI,
RSQLite, R.utils, forcats, microbenchmark, rprintf, stringr,
ggplot2",NA,"MIT + file LICENSE",NA,NA,NA,NA,"yes","3.4.2"
"67","gmodels","C:/Users/gfeng/Documents/R/R-3.4.2/library","2.16.2",NA,"R (>= 1.9.0)","MASS, gdata",NA,"gplots, gtools, Matrix, nlme, lme4 (>= 0.999999-0)",NA,"GPL-2",NA,NA,NA,NA,"no","3.4.2"
"68","gower","C:/Users/gfeng/Documents/R/R-3.4.2/library","0.1.2",NA,NA,NA,NA,"testthat, knitr, rmarkdown",NA,"GPL-3",NA,NA,NA,NA,"yes","3.4.2"
"69","graphics","C:/Users/gfeng/Documents/R/R-3.4.2/library","3.4.2","base",NA,"grDevices",NA,NA,NA,"Part of R 3.4.2",NA,NA,NA,NA,"yes","3.4.2"
"70","grDevices","C:/Users/gfeng/Documents/R/R-3.4.2/library","3.4.2","base",NA,NA,NA,"KernSmooth",NA,"Part of R 3.4.2",NA,NA,NA,NA,"yes","3.4.2"
"71","grid","C:/Users/gfeng/Documents/R/R-3.4.2/library","3.4.2","base",NA,"grDevices, utils",NA,"lattice",NA,"Part of R 3.4.2",NA,NA,NA,NA,"yes","3.4.2"
"72","gridSVG","C:/Users/gfeng/Documents/R/R-3.4.2/library","1.6-0",NA,"R (>= 3.1)","grDevices, graphics, utils, methods, grid, jsonlite, XML",NA,"lattice",NA,"GPL",NA,NA,NA,NA,"no","3.4.2"
"73","gtable","C:/Users/gfeng/Documents/R/R-3.4.2/library","0.2.0",NA,"R (>= 2.14)","grid",NA,"testthat, covr",NA,"GPL-2",NA,NA,NA,NA,"no","3.4.2"
"74","gtools","C:/Users/gfeng/Documents/R/R-3.4.2/library","3.5.0",NA,"R (>= 2.10)",NA,NA,NA,NA,"GPL-2",NA,NA,NA,NA,"yes","3.4.1"
"75","h2o","C:/Users/gfeng/Documents/R/R-3.4.2/library","3.14.0.3",NA,"R (>= 2.13.0), methods, stats","graphics, tools, utils, RCurl, jsonlite",NA,"ggplot2, mlbench, Matrix, slam, bit64 (>= 0.9.7), data.table
(>= 1.9.8)",NA,"Apache License (== 2.0)",NA,NA,NA,NA,"no","3.4.2"
"76","haven","C:/Users/gfeng/Documents/R/R-3.4.2/library","1.1.0",NA,"R (>= 3.1.0)","Rcpp (>= 0.11.4), readr (>= 0.1.0), hms, tibble, forcats (>=
0.2.0)","Rcpp","testthat, knitr, rmarkdown, covr",NA,"MIT + file LICENSE",NA,NA,NA,NA,"yes","3.4.2"
"77","here","C:/Users/gfeng/Documents/R/R-3.4.2/library","0.1",NA,NA,"rprojroot (>= 1.2)",NA,NA,NA,"GPL-3",NA,NA,NA,NA,"no","3.4.3"
"78","hexbin","C:/Users/gfeng/Documents/R/R-3.4.2/library","1.27.1",NA,"R (>= 2.10), methods","lattice, grid, graphics, grDevices, stats, utils",NA,"marray, affy, Biobase, limma",NA,"GPL-2",NA,NA,NA,NA,"yes","3.4.2"
"79","highr","C:/Users/gfeng/Documents/R/R-3.4.2/library","0.6",NA,"R (>= 3.0.2)",NA,NA,"knitr, testit",NA,"GPL",NA,NA,NA,NA,"no","3.4.2"
"80","hms","C:/Users/gfeng/Documents/R/R-3.4.2/library","0.3",NA,NA,"methods",NA,"testthat, lubridate",NA,"GPL-3",NA,NA,NA,NA,"no","3.4.2"
"81","hoardr","C:/Users/gfeng/Documents/R/R-3.4.2/library","0.2.0.9100",NA,NA,"R6 (>= 2.2.0), rappdirs (>= 0.3.1), digest",NA,"roxygen2 (>= 6.0.1), testthat, knitr, rmarkdown",NA,"MIT + file LICENSE",NA,NA,NA,NA,"no","3.4.2"
"82","htmltools","C:/Users/gfeng/Documents/R/R-3.4.2/library","0.3.6",NA,"R (>= 2.14.1)","utils, digest, Rcpp","Rcpp","markdown, testthat","knitr","GPL (>= 2)",NA,NA,NA,NA,"yes","3.4.2"
"83","htmlwidgets","C:/Users/gfeng/Documents/R/R-3.4.2/library","0.9",NA,NA,"htmltools (>= 0.3), jsonlite (>= 0.9.16), yaml",NA,"knitr (>= 1.8)","shiny (>= 0.12)","MIT + file LICENSE",NA,NA,NA,NA,"no","3.4.2"
"84","httpcode","C:/Users/gfeng/Documents/R/R-3.4.2/library","0.2.0",NA,NA,NA,NA,NA,NA,"MIT + file LICENSE",NA,NA,NA,NA,"no","3.4.1"
"85","httpuv","C:/Users/gfeng/Documents/R/R-3.4.2/library","1.3.5",NA,"R (>= 2.15.1), methods","Rcpp (>= 0.11.0), utils","Rcpp",NA,NA,"GPL-3 | file LICENSE",NA,NA,NA,NA,"yes","3.4.2"
"86","httr","C:/Users/gfeng/Documents/R/R-3.4.2/library","1.3.1",NA,"R (>= 3.0.0)","jsonlite, mime, curl (>= 0.9.1), openssl (>= 0.8), R6",NA,"httpuv, jpeg, knitr, png, testthat (>= 0.8.0), readr, xml2,
rmarkdown, covr",NA,"MIT + file LICENSE",NA,NA,NA,NA,"no","3.4.2"
"87","hunspell","C:/Users/gfeng/Documents/R/R-3.4.2/library","2.7",NA,"R (>= 3.0.2)","Rcpp, digest","Rcpp (>= 0.12.12)","testthat, devtools, pdftools, janeaustenr, wordcloud2, knitr,
rmarkdown",NA,"GPL-2 | LGPL-2.1 | MPL-1.1",NA,NA,NA,NA,"yes","3.4.2"
"88","ini","C:/Users/gfeng/Documents/R/R-3.4.2/library","0.3.0",NA,NA,NA,NA,"testthat",NA,"GPL-3",NA,NA,NA,NA,"no","3.4.3"
"89","ipred","C:/Users/gfeng/Documents/R/R-3.4.2/library","0.9-6",NA,"R (>= 2.10)","rpart (>= 3.1-8), MASS, survival, nnet, class, prodlim",NA,"mvtnorm, mlbench, TH.data",NA,"GPL (>= 2)",NA,NA,NA,NA,"yes","3.4.2"
"90","iterators","C:/Users/gfeng/Documents/R/R-3.4.2/library","1.0.8",NA,"R (>= 2.5.0), utils",NA,NA,"RUnit",NA,"Apache License (== 2.0)",NA,NA,NA,NA,"no","3.4.1"
"91","janeaustenr","C:/Users/gfeng/Documents/R/R-3.4.2/library","0.1.5",NA,"R (>= 3.1.2)",NA,NA,"dplyr, testthat",NA,"MIT + file LICENSE",NA,NA,NA,NA,"no","3.4.2"
"92","jsonlite","C:/Users/gfeng/Documents/R/R-3.4.2/library","1.5",NA,"methods",NA,NA,"httr, curl, plyr, testthat, knitr, rmarkdown, R.rsp, sp",NA,"MIT + file LICENSE",NA,NA,NA,NA,"yes","3.4.2"
"93","kernlab","C:/Users/gfeng/Documents/R/R-3.4.2/library","0.9-25",NA,"R (>= 2.10)","methods, stats, grDevices, graphics",NA,NA,NA,"GPL-2",NA,NA,NA,NA,"yes","3.4.1"
"94","KernSmooth","C:/Users/gfeng/Documents/R/R-3.4.2/library","2.23-15","recommended","R (>= 2.5.0), stats",NA,NA,"MASS",NA,"Unlimited",NA,NA,NA,NA,"yes","3.4.2"
"95","klaR","C:/Users/gfeng/Documents/R/R-3.4.2/library","0.6-12",NA,"R (>= 2.10.0), MASS","combinat",NA,"scatterplot3d (>= 0.3-22), som, mlbench, rpart, e1071",NA,"GPL-2",NA,NA,NA,NA,"no","3.4.2"
"96","knitr","C:/Users/gfeng/Documents/R/R-3.4.2/library","1.17",NA,"R (>= 3.1.0)","evaluate (>= 0.10), digest, highr, markdown, stringr (>= 0.6),
yaml, methods, tools",NA,"formatR, testit, rgl (>= 0.95.1201), codetools, rmarkdown,
htmlwidgets (>= 0.7), webshot, tikzDevice (>= 0.10), png, jpeg,
XML, RCurl, DBI (>= 0.4-1), tibble",NA,"GPL",NA,NA,NA,NA,"no","3.4.2"
"97","labeling","C:/Users/gfeng/Documents/R/R-3.4.2/library","0.3",NA,NA,NA,NA,NA,NA,"MIT + file LICENSE | Unlimited",NA,NA,NA,NA,"no","3.4.1"
"98","lattice","C:/Users/gfeng/Documents/R/R-3.4.2/library","0.20-35","recommended","R (>= 3.0.0)","grid, grDevices, graphics, stats, utils",NA,"KernSmooth, MASS, latticeExtra","chron","GPL (>= 2)",NA,NA,NA,NA,"yes","3.4.2"
"99","lava","C:/Users/gfeng/Documents/R/R-3.4.2/library","1.5.1",NA,"R (>= 3.0)","grDevices, graphics, methods, numDeriv, stats, survival, utils",NA,"KernSmooth, Matrix, Rgraphviz, ascii, data.table, fields,
foreach, geepack, gof (>= 0.9), graph, igraph (>= 0.6),
lava.tobit, lme4, mets (>= 1.1), optimx, quantreg, rgl,
testthat (>= 0.11), visNetwork, zoo",NA,"GPL-3",NA,NA,NA,NA,"no","3.4.2"
"100","lazyeval","C:/Users/gfeng/Documents/R/R-3.4.2/library","0.2.1",NA,"R (>= 3.1.0)",NA,NA,"knitr, rmarkdown (>= 0.2.65), testthat, covr",NA,"GPL-3",NA,NA,NA,NA,"yes","3.4.2"
"101","lime","C:/Users/gfeng/Documents/R/R-3.4.2/library","0.3.0",NA,NA,"glmnet, stats, ggplot2, tools, stringi, Matrix, stringdist,
Rcpp, assertthat, htmlwidgets, shiny, shinythemes","Rcpp, RcppEigen","xgboost, testthat, mlr, text2vec, MASS, covr, knitr,
rmarkdown, devtools",NA,"MIT + file LICENSE",NA,NA,NA,NA,"yes","3.4.2"
"102","lmtest","C:/Users/gfeng/Documents/R/R-3.4.2/library","0.9-35",NA,"R (>= 2.10.0), stats, zoo","graphics",NA,"car, strucchange, sandwich, dynlm, stats4, survival, AER",NA,"GPL-2 | GPL-3",NA,NA,NA,NA,"yes","3.4.2"
"103","lubridate","C:/Users/gfeng/Documents/R/R-3.4.2/library","1.7.1",NA,"methods, R (>= 3.0.0)","stringr, Rcpp (>= 0.11),","Rcpp,","testthat, knitr, covr","chron, fts, timeSeries, timeDate, tis, tseries, xts, zoo","GPL-2",NA,NA,NA,NA,"yes","3.4.2"
"104","magrittr","C:/Users/gfeng/Documents/R/R-3.4.2/library","1.5",NA,NA,NA,NA,"testthat, knitr",NA,"MIT + file LICENSE",NA,NA,NA,NA,"no","3.4.2"
"105","mailR","C:/Users/gfeng/Documents/R/R-3.4.2/library","0.4.1",NA,NA,"rJava, stringr, R.utils",NA,NA,NA,"GPL-3",NA,NA,NA,NA,"no","3.4.3"
"106","markdown","C:/Users/gfeng/Documents/R/R-3.4.2/library","0.8",NA,"R (>= 2.11.1)","utils, mime (>= 0.3)",NA,"knitr, RCurl",NA,"GPL-2",NA,NA,NA,NA,"yes","3.4.2"
"107","MASS","C:/Users/gfeng/Documents/R/R-3.4.2/library","7.3-47","recommended","R (>= 3.1.0), grDevices, graphics, stats, utils","methods",NA,"lattice, nlme, nnet, survival",NA,"GPL-2 | GPL-3",NA,NA,NA,NA,"yes","3.4.2"
"108","Matrix","C:/Users/gfeng/Documents/R/R-3.4.2/library","1.2-11","recommended","R (>= 3.0.1)","methods, graphics, grid, stats, utils, lattice",NA,"expm, MASS","MatrixModels, graph, SparseM, sfsmisc","GPL (>= 2) | file LICENCE",NA,NA,NA,NA,"yes","3.4.2"
"109","memoise","C:/Users/gfeng/Documents/R/R-3.4.2/library","1.1.0",NA,NA,"digest (>= 0.6.3)",NA,"testthat, aws.s3, httr, covr",NA,"MIT + file LICENSE",NA,NA,NA,NA,"no","3.4.2"
"110","methods","C:/Users/gfeng/Documents/R/R-3.4.2/library","3.4.2","base",NA,"utils, stats",NA,"codetools",NA,"Part of R 3.4.2",NA,NA,NA,NA,"yes","3.4.2"
"111","mgcv","C:/Users/gfeng/Documents/R/R-3.4.2/library","1.8-20","recommended","R (>= 2.14.0), nlme (>= 3.1-64)","methods, stats, graphics, Matrix",NA,"splines, parallel, survival, MASS",NA,"GPL (>= 2)",NA,NA,NA,NA,"yes","3.4.2"
"112","microdemic","C:/Users/gfeng/Documents/R/R-3.4.2/library","0.1.0.9219",NA,NA,"crul (>= 0.2.0), jsonlite (>= 1.2), data.table, tibble",NA,"roxygen2 (>= 6.0.1), testthat",NA,"MIT + file LICENSE",NA,NA,NA,NA,"no","3.4.2"
"113","mime","C:/Users/gfeng/Documents/R/R-3.4.2/library","0.5",NA,NA,"tools",NA,NA,NA,"GPL",NA,NA,NA,NA,"yes","3.4.1"
"114","miniUI","C:/Users/gfeng/Documents/R/R-3.4.2/library","0.1.1",NA,NA,"shiny (>= 0.13), htmltools (>= 0.3), utils",NA,NA,NA,"GPL-3",NA,NA,NA,NA,"no","3.4.3"
"115","mnormt","C:/Users/gfeng/Documents/R/R-3.4.2/library","1.5-5",NA,"R (>= 2.2.0)",NA,NA,NA,NA,"GPL-2 | GPL-3",NA,NA,NA,NA,"yes","3.4.1"
"116","ModelMetrics","C:/Users/gfeng/Documents/R/R-3.4.2/library","1.1.0",NA,"R (>= 3.2.2)","Rcpp","Rcpp","testthat",NA,"GPL (>= 2)",NA,NA,NA,NA,"yes","3.4.2"
"117","modelr","C:/Users/gfeng/Documents/R/R-3.4.2/library","0.1.1",NA,"R (>= 3.1.0)","magrittr, purrr (>= 0.2.2), lazyeval (>= 0.2.0), tibble,
broom, dplyr, tidyr (>= 0.6.0)",NA,"testthat, ggplot2, covr, compiler",NA,"GPL-3",NA,NA,NA,NA,"no","3.4.2"
"118","munsell","C:/Users/gfeng/Documents/R/R-3.4.2/library","0.4.3",NA,NA,"colorspace, methods",NA,"ggplot2, testthat",NA,"MIT + file LICENSE",NA,NA,NA,NA,"no","3.4.2"
"119","mvtnorm","C:/Users/gfeng/Documents/R/R-3.4.2/library","1.0-6",NA,"R(>= 1.9.0)","stats, methods",NA,NA,NA,"GPL-2",NA,NA,NA,NA,"yes","3.4.1"
"120","nlme","C:/Users/gfeng/Documents/R/R-3.4.2/library","3.1-131","recommended","R (>= 3.0.2)","graphics, stats, utils, lattice",NA,"Hmisc, MASS",NA,"GPL (>= 2) | file LICENCE",NA,NA,NA,NA,"yes","3.4.2"
"121","NLP","C:/Users/gfeng/Documents/R/R-3.4.2/library","0.1-11",NA,"R (>= 3.2.0)","utils",NA,NA,NA,"GPL-3",NA,NA,NA,NA,"no","3.4.1"
"122","nnet","C:/Users/gfeng/Documents/R/R-3.4.2/library","7.3-12","recommended","R (>= 2.14.0), stats, utils",NA,NA,"MASS",NA,"GPL-2 | GPL-3",NA,NA,NA,NA,"yes","3.4.2"
"123","numDeriv","C:/Users/gfeng/Documents/R/R-3.4.2/library","2016.8-1",NA,"R (>= 2.11.1)",NA,NA,NA,NA,"GPL-2",NA,NA,NA,NA,"no","3.4.1"
"124","openssl","C:/Users/gfeng/Documents/R/R-3.4.2/library","0.9.8",NA,NA,NA,NA,"testthat, digest, knitr, rmarkdown, jsonlite, jose",NA,"MIT + file LICENSE",NA,NA,NA,NA,"yes","3.4.2"
"125","padr","C:/Users/gfeng/Documents/R/R-3.4.2/library","0.3.0",NA,"R (>= 3.0.0)","Rcpp, dplyr","Rcpp","lubridate, ggplot2, testthat, knitr, rmarkdown, lazyeval,
tidyr, data.table",NA,"MIT + file LICENSE",NA,NA,NA,NA,"yes","3.4.2"
"126","pander","C:/Users/gfeng/Documents/R/R-3.4.2/library","0.6.1",NA,"R (>= 2.15.0)","grDevices, graphics, methods, utils, stats, digest, tools,
Rcpp","Rcpp","grid, lattice, ggplot2 (>= 0.9.2), koRpus, futile.logger,
survival, microbenchmark, zoo, nlme, descr, MASS, knitr,
rmarkdown, tables, reshape, memisc, Epi, randomForest, tseries,
gtable, rms, forecast, data.table",NA,"AGPL-3 | file LICENSE",NA,NA,NA,NA,"yes","3.4.2"
"127","parallel","C:/Users/gfeng/Documents/R/R-3.4.2/library","3.4.2","base",NA,"tools, compiler",NA,"methods","snow, nws, Rmpi","Part of R 3.4.2",NA,NA,NA,NA,"yes","3.4.2"
"128","pdftools","C:/Users/gfeng/Documents/R/R-3.4.2/library","1.5",NA,NA,"Rcpp (>= 0.12.12)","Rcpp","jpeg, png, webp, testthat",NA,"MIT + file LICENSE",NA,NA,NA,NA,"yes","3.4.2"
"129","PerformanceAnalytics","C:/Users/gfeng/Documents/R/R-3.4.2/library","1.4.3541",NA,"R (>= 3.0.0), xts (>= 0.9)","zoo",NA,"Hmisc, MASS, quantmod, gamlss, gamlss.dist, robustbase,
quantreg, gplots",NA,"GPL-2 | GPL-3",NA,NA,NA,NA,"yes","3.4.2"
"130","pkgconfig","C:/Users/gfeng/Documents/R/R-3.4.2/library","2.0.1",NA,NA,"utils",NA,"covr, testthat, disposables (>= 1.0.3)",NA,"MIT + file LICENSE",NA,NA,NA,NA,"no","3.4.2"
"131","plogr","C:/Users/gfeng/Documents/R/R-3.4.2/library","0.1-1",NA,NA,NA,NA,"Rcpp",NA,"MIT + file LICENSE",NA,NA,NA,NA,"no","3.4.2"
"132","plotly","C:/Users/gfeng/Documents/R/R-3.4.2/library","4.7.1",NA,"R (>= 3.2.0), ggplot2 (>= 2.2.1)","tools, scales, httr, jsonlite, magrittr, digest, viridisLite,
base64enc, htmltools, htmlwidgets (>= 0.9), tidyr, hexbin,
RColorBrewer, dplyr, tibble, lazyeval (>= 0.2.0), crosstalk,
purrr, data.table",NA,"MASS, maps, ggthemes, GGally, testthat, knitr, devtools,
shiny (>= 0.14), curl, rmarkdown, Rserve, RSclient, Cairo,
broom, webshot, listviewer, dendextend, sf, RSelenium, png,
IRdisplay",NA,"MIT + file LICENSE",NA,NA,NA,NA,"no","3.4.2"
"133","plotROC","C:/Users/gfeng/Documents/R/R-3.4.2/library","2.2.0",NA,"R (>= 3.0.0), ggplot2","methods, grid, gridSVG, shiny, plyr",NA,"knitr, testthat, stringr, survivalROC, rmarkdown",NA,"MIT + file LICENSE",NA,NA,NA,NA,"no","3.4.2"
"134","plyr","C:/Users/gfeng/Documents/R/R-3.4.2/library","1.8.4",NA,"R (>= 3.1.0)","Rcpp (>= 0.11.0)","Rcpp","abind, testthat, tcltk, foreach, doParallel, itertools,
iterators, covr",NA,"MIT + file LICENSE",NA,NA,NA,NA,"yes","3.4.2"
"135","prodlim","C:/Users/gfeng/Documents/R/R-3.4.2/library","1.6.1",NA,"R (>= 2.9.0)","Rcpp (>= 0.11.5), stats, graphics, survival, KernSmooth, lava","Rcpp",NA,NA,"GPL (>= 2)",NA,NA,NA,NA,"yes","3.4.2"
"136","psych","C:/Users/gfeng/Documents/R/R-3.4.2/library","1.7.8",NA,"R (>= 2.10)","mnormt,parallel,stats,graphics,grDevices,methods,foreign,lattice,nlme",NA,"GPArotation, lavaan, sem, lme4,Rcsdp, graph, Rgraphviz",NA,"GPL (>= 2)",NA,NA,NA,NA,"no","3.4.2"
"137","purrr","C:/Users/gfeng/Documents/R/R-3.4.2/library","0.2.4",NA,"R (>= 3.1)","magrittr (>= 1.5), rlang (>= 0.1), tibble",NA,"covr, dplyr (>= 0.4.3), knitr, rmarkdown, testthat",NA,"GPL-3 | file LICENSE",NA,NA,NA,NA,"yes","3.4.2"
"138","quadprog","C:/Users/gfeng/Documents/R/R-3.4.2/library","1.5-5",NA,"R (>= 2.15.0)",NA,NA,NA,NA,"GPL (>= 2)",NA,NA,NA,NA,"yes","3.4.1"
"139","Quandl","C:/Users/gfeng/Documents/R/R-3.4.2/library","2.8.0",NA,"R (>= 2.15.0), xts","httr (>= 0.6.1), zoo, jsonlite (>= 0.9.14)",NA,"testthat (>= 0.10.0), roxygen2, timeSeries",NA,"MIT + file LICENSE",NA,NA,NA,NA,"no","3.4.2"
"140","quantmod","C:/Users/gfeng/Documents/R/R-3.4.2/library","0.4-11",NA,"R (>= 3.2.0), xts(>= 0.9-0), zoo, TTR(>= 0.2), methods","curl",NA,"DBI,RMySQL,RSQLite,timeSeries,XML,downloader,jsonlite(>= 1.1)",NA,"GPL-3",NA,NA,NA,NA,"yes","3.4.2"
"141","R.cache","C:/Users/gfeng/Documents/R/R-3.4.2/library","0.13.0",NA,"R (>= 2.14.0)","utils, R.methodsS3 (>= 1.7.1), R.oo (>= 1.21.0), R.utils (>=
2.6.0), digest (>= 0.6.13)",NA,NA,NA,"LGPL (>= 2.1)",NA,NA,NA,NA,"no","3.4.3"
"142","R.methodsS3","C:/Users/gfeng/Documents/R/R-3.4.2/library","1.7.1",NA,"R (>= 2.13.0)","utils",NA,NA,NA,"LGPL (>= 2.1)",NA,NA,NA,NA,"no","3.4.1"
"143","R.oo","C:/Users/gfeng/Documents/R/R-3.4.2/library","1.21.0",NA,"R (>= 2.13.0), R.methodsS3 (>= 1.7.1)","methods, utils",NA,"tools",NA,"LGPL (>= 2.1)",NA,NA,NA,NA,"no","3.4.1"
"144","R.utils","C:/Users/gfeng/Documents/R/R-3.4.2/library","2.6.0",NA,"R (>= 2.14.0), R.oo (>= 1.21.0)","methods, utils, tools, R.methodsS3 (>= 1.7.1)",NA,"digest (>= 0.6.10)",NA,"LGPL (>= 2.1)",NA,NA,NA,NA,"no","3.4.3"
"145","R6","C:/Users/gfeng/Documents/R/R-3.4.2/library","2.2.2",NA,"R (>= 3.0)",NA,NA,"knitr, microbenchmark, pryr, testthat, ggplot2, scales",NA,"MIT + file LICENSE",NA,NA,NA,NA,"no","3.4.2"
"146","rappdirs","C:/Users/gfeng/Documents/R/R-3.4.2/library","0.3.1",NA,"R (>= 2.14), methods",NA,NA,"testthat, roxygen2",NA,"MIT + file LICENSE",NA,NA,NA,NA,"yes","3.4.3"
"147","RColorBrewer","C:/Users/gfeng/Documents/R/R-3.4.2/library","1.1-2",NA,"R (>= 2.0.0)",NA,NA,NA,NA,"Apache License 2.0",NA,NA,NA,NA,"no","3.4.1"
"148","Rcpp","C:/Users/gfeng/Documents/R/R-3.4.2/library","0.12.13",NA,"R (>= 3.0.0)","methods, utils",NA,"RUnit, inline, rbenchmark, knitr, rmarkdown, pinp, pkgKitten
(>= 0.1.2)",NA,"GPL (>= 2)",NA,NA,NA,NA,"yes","3.4.2"
"149","RcppArmadillo","C:/Users/gfeng/Documents/R/R-3.4.2/library","0.8.100.1.0",NA,NA,"Rcpp (>= 0.11.0), stats, utils, methods","Rcpp","RUnit, Matrix, pkgKitten, reticulate, rmarkdown, knitr, pinp",NA,"GPL (>= 2)",NA,NA,NA,NA,"yes","3.4.2"
"150","RcppEigen","C:/Users/gfeng/Documents/R/R-3.4.2/library","0.3.3.3.0",NA,"R (>= 2.15.1)","Matrix (>= 1.1-0), Rcpp (>= 0.11.0), stats, utils","Rcpp","inline, RUnit, pkgKitten",NA,"GPL (>= 2) | file LICENSE",NA,NA,NA,NA,"yes","3.4.2"
"151","RcppRoll","C:/Users/gfeng/Documents/R/R-3.4.2/library","0.2.2",NA,"R (>= 2.15.1)","Rcpp","Rcpp","zoo, microbenchmark, testthat, RcppArmadillo",NA,"GPL (>= 2)",NA,NA,NA,NA,"yes","3.4.2"
"152","rcrossref","C:/Users/gfeng/Documents/R/R-3.4.2/library","0.8.0",NA,NA,"methods, utils, jsonlite (>= 1.5), crul (>= 0.4.0), xml2 (>=
1.1.1), plyr, bibtex, dplyr (>= 0.7.4), R6, shiny, miniUI,
stringr",NA,"roxygen2 (>= 6.0.1), testthat, knitr",NA,"MIT + file LICENSE",NA,NA,NA,NA,"no","3.4.3"
"153","RCurl","C:/Users/gfeng/Documents/R/R-3.4.2/library","1.95-4.8",NA,"R (>= 3.0.0), methods, bitops",NA,NA,"Rcompression, XML",NA,"BSD",NA,NA,NA,NA,"yes","3.4.1"
"154","readr","C:/Users/gfeng/Documents/R/R-3.4.2/library","1.1.1",NA,"R (>= 3.0.2)","Rcpp (>= 0.12.0.5), tibble, hms, R6","Rcpp, BH","curl, testthat, knitr, rmarkdown, stringi, covr",NA,"GPL (>= 2) | file LICENSE",NA,NA,NA,NA,"yes","3.4.2"
"155","readxl","C:/Users/gfeng/Documents/R/R-3.4.2/library","1.0.0",NA,NA,"cellranger, Rcpp (>= 0.11.6), tibble (>= 1.1)","Rcpp","covr, knitr, rmarkdown, rprojroot (>= 1.1), testthat",NA,"GPL-3",NA,NA,NA,NA,"yes","3.4.2"
"156","recipes","C:/Users/gfeng/Documents/R/R-3.4.2/library","0.1.1",NA,"R (>= 3.1), dplyr, broom","tibble, stats, ipred, dimRed (>= 0.1.0), lubridate, timeDate,
ddalpha, purrr, rlang (>= 0.1.1), gower, RcppRoll, tidyselect
(>= 0.1.1), magrittr, Matrix",NA,"testthat, rpart, kernlab, fastICA, RANN, igraph, knitr,
caret, ggplot2, rmarkdown, covr",NA,"GPL-2",NA,NA,NA,NA,"no","3.4.2"
"157","rematch","C:/Users/gfeng/Documents/R/R-3.4.2/library","1.0.1",NA,NA,NA,NA,"covr, testthat",NA,"MIT + file LICENSE",NA,NA,NA,NA,"no","3.4.2"
"158","rematch2","C:/Users/gfeng/Documents/R/R-3.4.2/library","2.0.1",NA,NA,"tibble",NA,"covr, testthat",NA,"MIT + file LICENSE",NA,NA,NA,NA,"no","3.4.3"
"159","rentrez","C:/Users/gfeng/Documents/R/R-3.4.2/library","1.1.0",NA,"R (>= 2.6.0)","XML, httr (>= 0.5), jsonlite (>= 0.9)",NA,"testthat, knitr, rmarkdown",NA,"MIT + file LICENSE",NA,NA,NA,NA,"no","3.4.3"
"160","reshape2","C:/Users/gfeng/Documents/R/R-3.4.2/library","1.4.2",NA,NA,"plyr (>= 1.8.1), stringr, Rcpp","Rcpp","testthat (>= 0.8.0), lattice",NA,"MIT + file LICENSE",NA,NA,NA,NA,"yes","3.4.2"
"161","rJava","C:/Users/gfeng/Documents/R/R-3.4.2/library","0.9-9",NA,"R (>= 2.5.0), methods",NA,NA,NA,NA,"GPL-2",NA,NA,NA,NA,"yes","3.4.2"
"162","rjson","C:/Users/gfeng/Documents/R/R-3.4.2/library","0.2.15",NA,"R (>= 3.1.0)",NA,NA,NA,NA,"GPL-2",NA,NA,NA,NA,"yes","3.4.1"
"163","rlang","C:/Users/gfeng/Documents/R/R-3.4.2/library","0.1.4",NA,"R (>= 3.1.0)",NA,NA,"knitr, rmarkdown (>= 0.2.65), testthat, covr",NA,"GPL-3",NA,NA,NA,NA,"yes","3.4.2"
"164","rmarkdown","C:/Users/gfeng/Documents/R/R-3.4.2/library","1.6",NA,"R (>= 3.0)","tools, utils, knitr (>= 1.14), yaml (>= 2.1.5), htmltools (>=
0.3.5), caTools, evaluate (>= 0.8), base64enc, jsonlite,
rprojroot, methods, stringr (>= 1.2.0)",NA,"shiny (>= 0.11), tufte, testthat, digest, tibble",NA,"GPL-3",NA,NA,NA,NA,"no","3.4.2"
"165","robustbase","C:/Users/gfeng/Documents/R/R-3.4.2/library","0.92-8",NA,"R (>= 3.0.2)","stats, graphics, utils, methods, DEoptimR",NA,"grid, MASS, lattice, boot, cluster, Matrix, robust,
fit.models, MPV, xtable, ggplot2, GGally, RColorBrewer,
reshape2, sfsmisc, catdata",NA,"GPL (>= 2)",NA,NA,NA,NA,"yes","3.4.2"
"166","rpart","C:/Users/gfeng/Documents/R/R-3.4.2/library","4.1-11","recommended","R (>= 2.15.0), graphics, stats, grDevices",NA,NA,"survival",NA,"GPL-2 | GPL-3",NA,NA,NA,NA,"yes","3.4.2"
"167","rplos","C:/Users/gfeng/Documents/R/R-3.4.2/library","0.8.0",NA,NA,"ggplot2, crul (>= 0.4.0), jsonlite, dplyr, plyr, lubridate,
reshape2, whisker, solrium (>= 1.0.0)",NA,"xml2, testthat, knitr",NA,"MIT + file LICENSE",NA,NA,NA,NA,"no","3.4.3"
"168","rprojroot","C:/Users/gfeng/Documents/R/R-3.4.2/library","1.2",NA,"R (>= 3.0.0)","backports",NA,"testthat, knitr, withr, rmarkdown",NA,"GPL-3",NA,NA,NA,NA,"no","3.4.2"
"169","rredis","C:/Users/gfeng/Documents/R/R-3.4.2/library","1.7.0",NA,NA,NA,NA,"RUnit",NA,"Apache License (>= 2.0)",NA,NA,NA,NA,"yes","3.4.3"
"170","rstudioapi","C:/Users/gfeng/Documents/R/R-3.4.2/library","0.7",NA,NA,NA,NA,"testthat, knitr, rmarkdown",NA,"MIT + file LICENSE",NA,NA,NA,NA,"no","3.4.2"
"171","rvest","C:/Users/gfeng/Documents/R/R-3.4.2/library","0.3.2",NA,"R (>= 3.0.1), xml2","httr (>= 0.5), selectr, magrittr",NA,"testthat, knitr, png, stringi (>= 0.3.1), rmarkdown, covr",NA,"GPL-3",NA,NA,NA,NA,"no","3.4.2"
"172","scales","C:/Users/gfeng/Documents/R/R-3.4.2/library","0.5.0",NA,"R (>= 2.13)","RColorBrewer, dichromat, plyr, munsell (>= 0.2), labeling,
Rcpp, R6, viridisLite","Rcpp","testthat (>= 0.8), bit64, covr, hms",NA,"MIT + file LICENSE",NA,NA,NA,NA,"yes","3.4.2"
"173","selectr","C:/Users/gfeng/Documents/R/R-3.4.2/library","0.3-1",NA,"R (>= 2.15.2)","methods, stringr",NA,"testthat, XML, xml2",NA,"BSD_3_clause + file LICENCE",NA,NA,NA,NA,"no","3.4.2"
"174","servr","C:/Users/gfeng/Documents/R/R-3.4.2/library","0.8",NA,"R (>= 3.0.0)","mime (>= 0.2), httpuv (>= 1.3.2), jsonlite",NA,"tools, later, knitr (>= 1.9), rmarkdown",NA,"GPL",NA,NA,NA,NA,"no","3.4.3"
"175","sfsmisc","C:/Users/gfeng/Documents/R/R-3.4.2/library","1.1-1",NA,"R (>= 3.0.1)","grDevices, methods, utils, stats",NA,"datasets, tcltk, cluster, lattice, MASS, Matrix, nlme, lokern","mgcv, rpart, nor1mix, polycor, sm, tikzDevice","GPL (>= 2)",NA,NA,NA,NA,"no","3.4.2"
"176","shiny","C:/Users/gfeng/Documents/R/R-3.4.2/library","1.0.5",NA,"R (>= 3.0.2), methods","utils, httpuv (>= 1.3.5), mime (>= 0.3), jsonlite (>= 0.9.16),
xtable, digest, htmltools (>= 0.3.5), R6 (>= 2.0), sourcetools,
tools",NA,"datasets, Cairo (>= 1.5-5), testthat, knitr (>= 1.6),
markdown, rmarkdown, ggplot2, magrittr",NA,"GPL-3 | file LICENSE",NA,NA,NA,NA,"no","3.4.2"
"177","shinythemes","C:/Users/gfeng/Documents/R/R-3.4.2/library","1.1.1",NA,"R (>= 3.0.0)","shiny (>= 0.11)",NA,NA,NA,"GPL-3 | file LICENSE",NA,NA,NA,NA,"no","3.4.2"
"178","slam","C:/Users/gfeng/Documents/R/R-3.4.2/library","0.1-40",NA,"R (>= 3.3.1)","stats",NA,NA,"Matrix, SparseM, spam","GPL-2",NA,NA,NA,NA,"yes","3.4.1"
"179","SnowballC","C:/Users/gfeng/Documents/R/R-3.4.2/library","0.5.1",NA,NA,NA,NA,NA,NA,"BSD_2_clause + file LICENSE",NA,NA,NA,NA,"yes","3.4.1"
"180","solrium","C:/Users/gfeng/Documents/R/R-3.4.2/library","1.0.0",NA,NA,"utils, dplyr (>= 0.5.0), plyr (>= 1.8.4), crul (>= 0.4.0),
xml2 (>= 1.0.0), jsonlite (>= 1.0), tibble (>= 1.2), R6",NA,"roxygen2 (>= 6.0.1), testthat, knitr",NA,"MIT + file LICENSE",NA,NA,NA,NA,"no","3.4.3"
"181","sourcetools","C:/Users/gfeng/Documents/R/R-3.4.2/library","0.1.6",NA,"R (>= 3.0.2)",NA,NA,"testthat",NA,"MIT + file LICENSE",NA,NA,NA,NA,"yes","3.4.2"
"182","spatial","C:/Users/gfeng/Documents/R/R-3.4.2/library","7.3-11","recommended","R (>= 3.0.0), graphics, stats, utils",NA,NA,"MASS",NA,"GPL-2 | GPL-3",NA,NA,NA,NA,"yes","3.4.2"
"183","splines","C:/Users/gfeng/Documents/R/R-3.4.2/library","3.4.2","base",NA,"graphics, stats",NA,"Matrix, methods",NA,"Part of R 3.4.2",NA,NA,NA,NA,"yes","3.4.2"
"184","stats","C:/Users/gfeng/Documents/R/R-3.4.2/library","3.4.2","base",NA,"utils, grDevices, graphics",NA,"MASS, Matrix, SuppDists, methods, stats4",NA,"Part of R 3.4.2",NA,NA,NA,NA,"yes","3.4.2"
"185","stats4","C:/Users/gfeng/Documents/R/R-3.4.2/library","3.4.2","base",NA,"graphics, methods, stats",NA,NA,NA,"Part of R 3.4.2",NA,NA,NA,NA,NA,"3.4.2"
"186","stringdist","C:/Users/gfeng/Documents/R/R-3.4.2/library","0.9.4.6",NA,"R (>= 2.15.3)","parallel",NA,"testthat",NA,"GPL-3",NA,NA,NA,NA,"yes","3.4.2"
"187","stringi","C:/Users/gfeng/Documents/R/R-3.4.2/library","1.1.5",NA,"R (>= 2.14)","tools, utils, stats",NA,NA,NA,"file LICENSE","yes",NA,NA,NA,"yes","3.4.1"
"188","stringr","C:/Users/gfeng/Documents/R/R-3.4.2/library","1.2.0",NA,"R (>= 2.14)","stringi (>= 0.4.1), magrittr",NA,"testthat, knitr, htmltools, htmlwidgets, rmarkdown, covr",NA,"GPL-2 | file LICENSE",NA,NA,NA,NA,"no","3.4.2"
"189","styler","C:/Users/gfeng/Documents/R/R-3.4.2/library","1.0.0",NA,NA,"backports, cli, enc, magrittr, purrr, rematch2, rlang,
rprojroot, tibble, withr",NA,"data.tree, dplyr, here, knitr, mockr, rmarkdown, rstudioapi,
testthat",NA,"GPL-3",NA,NA,NA,NA,"no","3.4.3"
"190","survival","C:/Users/gfeng/Documents/R/R-3.4.2/library","2.41-3","recommended","R (>= 2.13.0)","graphics, Matrix, methods, splines, stats, utils",NA,NA,NA,"LGPL (>= 2)",NA,NA,NA,NA,"yes","3.4.2"
"191","tcltk","C:/Users/gfeng/Documents/R/R-3.4.2/library","3.4.2","base",NA,"utils",NA,NA,NA,"Part of R 3.4.2",NA,NA,NA,NA,"yes","3.4.2"
"192","tibble","C:/Users/gfeng/Documents/R/R-3.4.2/library","1.3.4",NA,"R (>= 3.1.0)","methods, rlang, Rcpp (>= 0.12.3), utils","Rcpp","covr, dplyr, knitr (>= 1.5.32), microbenchmark, nycflights13,
testthat, rmarkdown, withr",NA,"MIT + file LICENSE",NA,NA,NA,NA,"yes","3.4.2"
"193","tidyquant","C:/Users/gfeng/Documents/R/R-3.4.2/library","0.5.3",NA,"R (>= 3.3.0), lubridate (>= 1.6.0), PerformanceAnalytics (>=
1.4.3541), quantmod (>= 0.4-9), tidyverse (>= 1.1.0)","broom (>= 0.4.2), curl (>= 2.3), devtools (>= 1.12.0), dplyr
(>= 0.7.2), ggplot2 (>= 2.2.1), httr (>= 1.2.1), lazyeval (>=
0.2.0), magrittr (>= 1.5), purrr (>= 0.2.3), Quandl (>= 2.8.0),
readr (>= 1.0.0), rvest (>= 0.3.2), scales (>= 0.4.1), stats
(>= 3.3.0), stringr (>= 1.1.0), tibble (>= 1.2), tidyr (>=
0.6.1), timetk (>= 0.1.0), timeSeries (>= 3022.101.2), tseries
(>= 0.10-37), TTR (>= 0.23-1), XLConnect (>= 0.2-13), xml2 (>=
1.1.0), xts (>= 0.9-7), zoo (>= 1.7-14)",NA,"knitr, rmarkdown, testthat, forcats",NA,"MIT + file LICENSE",NA,NA,NA,NA,"no","3.4.2"
"194","tidyr","C:/Users/gfeng/Documents/R/R-3.4.2/library","0.7.2",NA,"R (>= 3.1.0)","dplyr (>= 0.7.0), glue, magrittr, purrr, rlang, Rcpp, stringi,
tibble, tidyselect","Rcpp","knitr, testthat, covr, gapminder, rmarkdown",NA,"MIT + file LICENSE",NA,NA,NA,NA,"yes","3.4.2"
"195","tidyselect","C:/Users/gfeng/Documents/R/R-3.4.2/library","0.2.3",NA,"R (>= 3.1.0)","glue, purrr, rlang (>= 0.1), Rcpp (>= 0.12.0)","Rcpp (>= 0.12.0),","dplyr, testthat",NA,"GPL-3",NA,NA,NA,NA,"yes","3.4.2"
"196","tidytext","C:/Users/gfeng/Documents/R/R-3.4.2/library","0.1.4",NA,"R (>= 2.10)","rlang, dplyr, stringr, hunspell, broom, Matrix, tokenizers,
janeaustenr, purrr (>= 0.1.1), methods",NA,"readr, tidyr, XML, tm, quanteda, wordcloud, knitr, rmarkdown,
ggplot2, reshape2, topicmodels, NLP, scales, gutenbergr,
testthat, mallet, stm",NA,"MIT + file LICENSE",NA,NA,NA,NA,"no","3.4.2"
"197","tidyverse","C:/Users/gfeng/Documents/R/R-3.4.2/library","1.1.1",NA,NA,"broom, dplyr, forcats, ggplot2, haven, httr, hms, jsonlite,
lubridate, magrittr, modelr, purrr, readr, readxl, stringr,
tibble, rvest, tidyr, xml2",NA,"knitr, rmarkdown",NA,"GPL-3 | file LICENSE",NA,NA,NA,NA,"no","3.4.2"
"198","timeDate","C:/Users/gfeng/Documents/R/R-3.4.2/library","3012.100",NA,"R (>= 2.15.1), graphics, utils, stats, methods",NA,NA,"date, RUnit",NA,"GPL (>= 2)",NA,NA,NA,NA,"no","3.4.1"
"199","timeSeries","C:/Users/gfeng/Documents/R/R-3.4.2/library","3022.101.2",NA,"R (>= 2.10), graphics, grDevices, stats, methods, utils,
timeDate (>= 2150.95)",NA,NA,"RUnit, robustbase, xts, PerformanceAnalytics, fTrading",NA,"GPL (>= 2)",NA,NA,NA,NA,"no","3.4.2"
"200","timetk","C:/Users/gfeng/Documents/R/R-3.4.2/library","0.1.0",NA,"R (>= 3.3.0)","devtools (>= 1.12.0), dplyr (>= 0.7.0), forecast (>= 0.8.0),
lazyeval (>= 0.2.0), lubridate (>= 1.6.0), padr (>= 0.3.0),
purrr (>= 0.2.2), readr (>= 1.0.0), stringi (>= 1.1.5), tibble
(>= 1.2), tidyr (>= 0.6.1), xts (>= 0.9-7), zoo (>= 1.7-14)",NA,"broom, forcats, knitr, rmarkdown, robets, scales, stringr,
testthat, tidyverse, tidyquant",NA,"GPL (>= 3)",NA,NA,NA,NA,"no","3.4.2"
"201","tm","C:/Users/gfeng/Documents/R/R-3.4.2/library","0.7-2",NA,"R (>= 3.2.0), NLP (>= 0.1-6.2)","Rcpp, parallel, slam (>= 0.1-37), stats, tools, utils,
graphics, xml2","BH, Rcpp","antiword, filehash, methods, pdftools, Rcampdf, Rgraphviz,
Rpoppler, SnowballC, testthat, tm.lexicon.GeneralInquirer",NA,"GPL-3",NA,NA,NA,NA,"yes","3.4.2"
"202","tokenizers","C:/Users/gfeng/Documents/R/R-3.4.2/library","0.1.4",NA,"R (>= 3.1.3)","stringi (>= 1.0.1), Rcpp (>= 0.12.3), SnowballC (>= 0.5.1)","Rcpp","testthat, covr, knitr, rmarkdown",NA,"MIT + file LICENSE",NA,NA,NA,NA,"yes","3.4.2"
"203","tools","C:/Users/gfeng/Documents/R/R-3.4.2/library","3.4.2","base",NA,NA,NA,"codetools, methods, xml2, curl",NA,"Part of R 3.4.2",NA,NA,NA,NA,"yes","3.4.2"
"204","translations","C:/Users/gfeng/Documents/R/R-3.4.2/library","3.4.2",NA,NA,NA,NA,NA,NA,"Part of R 3.4.2",NA,NA,NA,NA,NA,"3.4.2"
"205","triebeard","C:/Users/gfeng/Documents/R/R-3.4.2/library","0.3.0",NA,NA,"Rcpp","Rcpp","knitr, rmarkdown, testthat",NA,"MIT + file LICENSE",NA,NA,NA,NA,"yes","3.4.3"
"206","tseries","C:/Users/gfeng/Documents/R/R-3.4.2/library","0.10-42",NA,"R (>= 2.10.0)","graphics, stats, utils, quadprog, zoo, quantmod (>= 0.4.9)",NA,NA,NA,"GPL-2",NA,NA,NA,NA,"yes","3.4.2"
"207","TTR","C:/Users/gfeng/Documents/R/R-3.4.2/library","0.23-2",NA,NA,"xts (>= 0.10-0), zoo, curl","xts","RUnit","quantmod","GPL-2",NA,NA,NA,NA,"yes","3.4.2"
"208","twitteR","C:/Users/gfeng/Documents/R/R-3.4.2/library","1.1.9",NA,"R (>= 2.12.0)","methods, bit64, rjson, DBI (>= 0.3.1), httr (>= 1.0.0)",NA,"RSQLite, RMySQL",NA,"Artistic-2.0",NA,NA,NA,NA,"no","3.4.2"
"209","urltools","C:/Users/gfeng/Documents/R/R-3.4.2/library","1.6.0",NA,"R (>= 2.10)","Rcpp, methods, triebeard","Rcpp","testthat, knitr",NA,"MIT + file LICENSE",NA,NA,NA,NA,"yes","3.4.3"
"210","usethis","C:/Users/gfeng/Documents/R/R-3.4.2/library","1.2.0",NA,"R (>= 3.1)","backports, clipr, clisymbols, crayon, curl, desc, gh, git2r,
httr, rematch2, rmarkdown, rprojroot, rstudioapi, styler,
whisker",NA,"covr, roxygen2, testthat (>= 2.0.0), withr",NA,"GPL-3",NA,NA,NA,NA,"no","3.4.3"
"211","utils","C:/Users/gfeng/Documents/R/R-3.4.2/library","3.4.2","base",NA,NA,NA,"methods, XML",NA,"Part of R 3.4.2",NA,NA,NA,NA,"yes","3.4.2"
"212","viridisLite","C:/Users/gfeng/Documents/R/R-3.4.2/library","0.2.0",NA,"R (>= 2.10)",NA,NA,"hexbin (>= 1.27.0), ggplot2 (>= 1.0.1), testthat, covr",NA,"MIT + file LICENSE",NA,NA,NA,NA,"no","3.4.2"
"213","whisker","C:/Users/gfeng/Documents/R/R-3.4.2/library","0.3-2",NA,NA,NA,NA,"markdown",NA,"GPL-3",NA,NA,NA,NA,"no","3.4.2"
"214","withr","C:/Users/gfeng/Documents/R/R-3.4.2/library","2.1.0",NA,"R (>= 3.0.2)","stats, lattice, graphics, grDevices",NA,"testthat, covr, DBI, RSQLite, methods",NA,"GPL (>= 2)",NA,NA,NA,NA,"no","3.4.2"
"215","wordcloud","C:/Users/gfeng/Documents/R/R-3.4.2/library","2.5",NA,"methods, RColorBrewer","slam, Rcpp (>= 0.9.4)","Rcpp","tm (>= 0.6)",NA,"LGPL-2.1",NA,NA,NA,NA,"yes","3.4.2"
"216","XLConnect","C:/Users/gfeng/Documents/R/R-3.4.2/library","0.2-13",NA,"R (>= 2.10.0), XLConnectJars (== 0.2-13)","methods, rJava",NA,"RUnit, lattice, ggplot2 (>= 0.9.3), zoo",NA,"GPL-3",NA,NA,NA,NA,"no","3.4.2"
"217","XLConnectJars","C:/Users/gfeng/Documents/R/R-3.4.2/library","0.2-13",NA,NA,"rJava",NA,NA,NA,"GPL-3",NA,NA,NA,NA,"no","3.4.2"
"218","XML","C:/Users/gfeng/Documents/R/R-3.4.2/library","3.98-1.9",NA,"R (>= 2.13.0), methods, utils",NA,NA,"bitops, RCurl",NA,"BSD_2_clause + file LICENSE",NA,NA,NA,NA,"yes","3.4.1"
"219","xml2","C:/Users/gfeng/Documents/R/R-3.4.2/library","1.1.1",NA,"R (>= 3.1.0)","Rcpp","Rcpp (>= 0.11.4.6), BH","testthat, curl, covr, knitr, rmarkdown, magrittr, httr",NA,"GPL (>= 2)",NA,NA,NA,NA,"yes","3.4.2"
"220","xtable","C:/Users/gfeng/Documents/R/R-3.4.2/library","1.8-2",NA,"R (>= 2.10.0)","stats, utils",NA,"knitr, lsmeans, spdep, splm, sphet, plm, zoo, survival",NA,"GPL (>= 2)",NA,NA,NA,NA,"no","3.4.2"
"221","xts","C:/Users/gfeng/Documents/R/R-3.4.2/library","0.10-0",NA,"zoo (>= 1.7-12)","methods","zoo","timeSeries, timeDate, tseries, chron, fts, tis, RUnit",NA,"GPL (>= 2)",NA,NA,NA,NA,"yes","3.4.2"
"222","yaml","C:/Users/gfeng/Documents/R/R-3.4.2/library","2.1.14",NA,NA,NA,NA,"testthat",NA,"BSD_3_clause + file LICENSE",NA,NA,NA,NA,"yes","3.4.2"
"223","zoo","C:/Users/gfeng/Documents/R/R-3.4.2/library","1.8-0",NA,"R (>= 2.10.0), stats","utils, graphics, grDevices, lattice (>= 0.20-27)",NA,"coda, chron, DAAG, fts, ggplot2, mondate, scales,
strucchange, timeDate, timeSeries, tis, tseries, xts",NA,"GPL-2 | GPL-3",NA,NA,NA,NA,"yes","3.4.2"
